scaffold,mean_shap,effect
C(#Cc1cccc(-n2ccc3cncnc32)c1)Cc1nccs1,2347217591,positive
c1ccc(OCc2ncc(NCc3ccco3)o2)cc1,0.001157308,positive
O=c1oc2ccccc2c2oc3ccccc3c12,0.000310062,positive
O=C1CC(=O)C2=C(C1)Oc1ccccc1C2,0.000310062,positive
O=C1C=C([C@H]2C=C3C4CC5C(=O)C=CC6CO[C@H]([C@@H]65)[C@H]4O[C@@H]3C2)CO1,0.000310062,positive
O=c1ccc2cc3c(cc2o1)OC[C@@H](c1ccccc1)O3,0.000310062,positive
O=C1CCC[C@@H]2CCC3C4=CCC5CCCC[C@H]5C4CC[C@@H]3C12,0.000310062,positive
O=c1cc(CCc2ccccc2)oc2c1[C@@H]1C[C@H](C2)Oc2c1ccc1c(=O)cc(CCc3ccccc3)oc21,0.000310062,positive
c1ccc(Cc2ccc3c(c2)-c2ccccc2CC3)cc1,0.000310062,positive
C=C1c2ccoc2C[C@@H]2C3CCCCC3CC[C@@H]12,0.000310062,positive
O=c1cc(-c2ccccc2)oc2c3c(ccc12)OCCC3,0.000310062,positive
O=C1NC2CC[C@H]3CC4CCC/C4=C/C=C/1[C@H]23,0.000310062,positive
c1ccc(-c2ccccc2OC2CCCC3CCCC[C@H]32)cc1,0.000310062,positive
C1=C2C3C[C@@H]4OCC5CCCC([C@H]3CCC2[C@@H](c2ccoc2)C1)[C@H]54,0.000310062,positive
C=C1CC[C@@H]2CC(=O)CCC2[C@H]1COc1ccc2ccc(=O)oc2c1,0.000310062,positive
O=C(/C=C/c1ccccc1)OC1CCCCC1,0.000310062,positive
C=C1CC[C@H]2CC3=C(CC(=O)CC3=O)OC2CC[C@H]2CC[C@H]12,0.000310062,positive
O=C(O[C@H]1CCC2C(CCC3C4CC[C@@]5(C(=O)O[C@H]6CCCCO6)CCCCC5C4=CCC23)C1)c1ccccc1,0.000310062,positive
O=C(OCC12C(=O)OC3CCC1C[C@]32O[C@H]1CCCCO1)c1ccccc1,0.000310062,positive
O=c1c(-c2cccc([C@H](/C=C/c3ccccc3)c3ccccc3)c2)coc2ccccc12,0.000310062,positive
C1C[C@]23CC[C@H](CC[C@H]2C[C@H]2C1C[C@H]1O[C@H]12)C3,0.000310062,positive
O=C(CCc1ccccc1)C[C@H](CCc1ccccc1)O[C@H]1CCCCO1,0.000310062,positive
O=c1cc(-c2ccccc2)oc2cc(O[C@H]3CCCCO3)ccc12,0.000310061,positive
O=c1ccc2c3cc[nH]c4ccc(=O)n(c2c1)c43,0.000310061,positive
O=C1CC(=O)C2=C(C1)O[C@]1(CC2)C[C@@H]2C[C@@H](C2)C1,0.00031006,positive
C=C1CC[C@@H]2CCCCC2[C@H]1COc1ccc2ccc(=O)oc2c1,0.00031006,positive
O=C(CCCCc1ccccc1)CCc1ccccc1,0.00031006,positive
O=C1CC(=O)C2=C(C1)OC1Oc3ccccc3[C@@H]21,0.00031006,positive
O=C1N[C@H]2CCC=C[C@]23c2cc4c(cc2C(=O)N(CCc2ccccc2)[C@H]13)OCO4,0.00031006,positive
C1=CCC/C=C/CCCC/C=C/CC1,0.000310059,positive
C=C1CCCC[C@H]1C/C=C1\CCOC1=O,0.000310057,positive
C=C1C(=O)O[C@H]2C=C[C@H]3CCC[C@@H]3C[C@H]12,0.000310057,positive
O=C1OCC(Cc2ccc3c(c2)CCCO3)C1c1ccccc1,0.000310057,positive
O=C1c2cc3c(cc2[C@]2(C=CCCC2)C(=O)N1CCc1ccccc1)OCO3,0.000310057,positive
C=C1C[C@H]2OC(=O)C(=C)[C@H]2C[C@H]2CCC[C@H]12,0.000310057,positive
C1=C2C3CC4CCCC5CO[C@H]([C@@H]54)[C@H]3O[C@@H]2C[C@H]1c1ccoc1,0.000310057,positive
O=C1CCC2C3=CCC4CCCC4C3=CC[C@H]2C1,0.000310057,positive
C1=C2CC[C@H]3CCCCC3C2CCC1,0.000310057,positive
O=C1C=CC[C@@H]2C[C@H]3O[C@H]4C[C@@H](c5ccoc5)C=C4C3CC12,0.000310057,positive
O=C1CC(=O)C2=C(C1)Oc1ccccc1C2c1ccccc1,0.000310057,positive
O=c1oc2c3c(ccc2c2oc4ccccc4c12)OCC3,0.000310057,positive
C1=C[C@@H]2CCc3ccccc3C2CC1,0.000310057,positive
C=C1C[C@@H]2OC(=O)C[C@H]2C[C@H]2CCC[C@H]12,0.000310057,positive
O=C1/C=C/[C@H]2C[C@H]2CCC=C[C@H]2CCCC12,0.000310057,positive
C1=C2C3=CC[C@H]4C(CC[C@H]5CCCCC54)C3CCC2CCC1,0.000310057,positive
O=C1NC(=O)C(c2ccccc2)=C1Cc1ccc2c(c1)OCC2,0.000310057,positive
C1=C2C3CC[C@H]4CCCCC4[C@H]3CCC2[C@H](c2ccoc2)C1,0.000310057,positive
O=C1C=C2CC[C@H]3[C@@H]4CC(=O)CC4CC[C@@H]3C2CC1,0.000310057,positive
O=C1c2ccccc2-c2cccc3ccnc1c23,0.000310057,positive
c1cc2c(o1)CC1C(CCC3CCCCC31)C2,0.000310057,positive
C1CC[C@H](O[C@H]2CC[C@]34C[C@]35CCC3C(CC[C@@H]3C3CCCO3)[C@@H]5C[C@H](O[C@H]3CCCCO3)[C@H]4C2)OC1,0.000310057,positive
C(=C/[C@H]1c2ccccc2O[C@@H](c2ccccc2)[C@@H]1Cc1ccccc1)\c1ccccc1,0.000310057,positive
C1CC2CC[C@]34CC[C@H](CC[C@H]3C[C@@H]2C1)C4,0.000310057,positive
c1ccc2c(c1)C[C@H]1c3ccccc3CCN1C2,0.000310057,positive
C=C1C(=O)O[C@H]2C[C@@H]1CC1=CCC[C@@H]1C2=C,0.000310057,positive
O=C1CC2CC[C@H]3C(=CC(=O)C4=CCCCC43)[C@@H]2C1,0.000310057,positive
O=C1CCC[C@@H]2[C@H]3CCCN[C@H]3[C@H](CCC[C@H]3C[C@H]4CN5C(=O)CCC[C@@H]5[C@H]5CCCN(C3)[C@@H]45)CN12,0.000310057,positive
O=c1ccc2cc(O[C@H]3CCCCO3)ccc2o1,0.000310057,positive
C=C1C(=O)OC[C@@H]1CC1=CCCC1=O,0.000310057,positive
c1ccc2c(c1)CCNC2,0.000310057,positive
C1=C2C[C@@H](O[C@@H]3OC[C@@H](O[C@H]4CCCCO4)C[C@H]3O[C@H]3CCCCO3)CCC2[C@H]2CCC3[C@@H](C[C@@H]4O[C@]5(CCCCO5)C[C@H]34)[C@@H]2C1,0.000310057,positive
O=C1CCC[C@@H]2[C@H]3CC([C@H]4CC[C@H]5CN6C(=O)CCC[C@@H]6[C@H]6CCCN4[C@@H]56)=CN4CCC[C@@H](CN12)[C@@H]34,0.000310056,positive
O=C(/C=C/c1ccc2c(c1)OCO2)c1ccc2c(c1)C=CCO2,0.000310056,positive
O=C1C[C@@H]2CCCCC2[C@@H]2C[C@@H]3CC[C@@H](C3)C12,0.000310056,positive
O=C1C=C2CC[C@H]3CCCCC3[C@H]2CC1,0.000310056,positive
c1ccc2c(c1)OCO2,0.000310055,positive
O=C1CCCO1,0.000310054,positive
O=C(Cc1ccccc1)c1ccccc1,0.000310049,positive
C1=NCCc2ccccc21,0.000310043,positive
O=C1C=CC(=O)C1,0.000310016,positive
O=C1c2ccccc2-n2c1nc1ccccc1c2=O,0.000309953,positive
O=c1cc(-c2ccc3c(c2)OCO3)oc2c1ccc1occc12,0.000303547,positive
O=C1C[C@@H](c2ccoc2)C2CC(=O)[C@H]3C(CC[C@H]4C5CCC[C@@]43COC5)[C@H]12,0.000301925,positive
c1ccc(CCc2ccccc2Cc2ccccc2)cc1,0.000301924,positive
O=C1C(=O)c2c(ccc3c2CCCC3)-c2occc21,0.000301923,positive
C=C1CC[C@H]2C(=C)CC[C@H]3C(C[C@H]4C(=O)O[C@H]5C4CCC4CC=CC[C@@H]45)C(=O)O[C@@H]3[C@@H]12,0.000300296,positive
O=C1C=C(CCC2CCCC3[C@@H]2CCC[C@]32CO2)CO1,0.000300296,positive
O=c1oc2ccccc2cc1-c1ccccc1,0.000300296,positive
C=C1C(=O)O[C@@H]2CC3C[C@@H]3C[C@H]12,0.000300296,positive
C1=CC[C@H]2CCC[C@@H]2CC1,0.000300295,positive
O=C1CCC[C@@H]2[C@H]3CCCN4C[C@]5([C@@H]6CC[C@H]7[C@@H]8[C@@H](CCCN86)CN6C(=O)CCC[C@H]76)O[C@@H]5[C@@H](CN12)[C@@H]34,0.000300295,positive
c1ccoc1,0.000300295,positive
C1=C[C@H]2c3ccccc3OC[C@@]2(/C=C/c2ccccc2)CC1,0.000300293,positive
O=C1C=CO[C@H](c2ccccc2)[C@H]1c1ccc(/C=C/c2ccccc2)oc1=O,0.000300293,positive
O=C1C[C@@H](c2ccccc2)Oc2c1ccc1c2C=CCO1,0.000300293,positive
O=c1ccc2nccc3c4ccccc4n1c23,0.000300291,positive
c1ccc(O[C@H]2CCCCO2)cc1,0.000300277,positive
c1ccc2c3cc[nH]cc-3nc2c1,0.00030027,positive
C=C1[C@@H]2CCCC2CC[C@]23CC[C@H](CC[C@@H]12)C3,0.000297856,positive
c1ccc2c3c([nH]c2c1)CNCC3,0.000297856,positive
c1ccc2c(c1)CCc1ccccc1-2,0.000297856,positive
O=c1ccc2ccccc2o1,0.000297854,positive
C=C1CC[C@@H]2C[C@@H]2C=CC(=O)C2CC[C@H](OC(=O)c3ccccc3)[C@@H]2C1,0.000297853,positive
C1=C[C@@H]2C[C@]3(C=CCC3C1)CCC1C[C@H]12,0.000297853,positive
C1CCC2CCCCC2C1,0.000297365,positive
C=C1CC[C@H]2CCCCC2C1,0.00029704,positive
O=C1C=CC2[C@@H](CCC3C4=CC(=O)C(c5ccoc5)C4CC[C@@H]32)C1,0.000297038,positive
O=c1c2ccccc2oc2ccccc12,0.00029639,positive
O=C1C=CC[C@H](C[C@H]2CCC3C2CC[C@@H]2C4C(=O)C=CCC4CC[C@@H]32)O1,0.000295412,positive
O=c1cc(-c2ccccc2)oc2ccccc12,0.000295063,positive
O=C(/C=C/c1ccccc1)c1ccccc1,0.000294433,positive
C=C1C(=O)O[C@@H]2CCC=CC[C@H]12,0.000293786,positive
O=c1c(O[C@@H]2CCC[C@H](CO[C@@H]3CCCCO3)O2)c(-c2ccccc2)oc2ccccc12,0.000292971,positive
c1cc2c(c(-c3nccc4c3[nH]c3ccccc34)c1)OCO2,0.000292971,positive
O=c1c(-c2ccccc2)coc2c([C@H]3CCCCO3)cccc12,0.000292971,positive
C=C1CC[C@H]2OC2CC[C@H]2CC[C@H]12,0.00029297,positive
O=C(/C=C/c1ccccc1)CC(=O)/C=C/c1ccccc1,0.00029297,positive
C=C1C(=O)O[C@@H]2CC[C@@H]3CCC(=O)C3C[C@H]12,0.000292968,positive
O=C(O[C@H]1C2C3=C[C@H](c4ccoc4)C[C@@H]3OCC[C@@H]2C2CCCC3CO[C@@H]1[C@@H]32)c1ccccc1,0.000292968,positive
O=C(/C=C/c1ccccc1)C[C@H](CCc1ccccc1)OC1OCCC[C@H]1OC(=O)/C=C/c1ccccc1,0.000292968,positive
C=C1CCCC2C[C@H]3OC(=O)C(=C)[C@H]3CC12,0.000292968,positive
c1ccc(CCOc2ccccc2)cc1,0.000292968,positive
O=C(/C=C/c1ccccc1)O/C=C\c1ccccc1,0.000292967,positive
O=C1C=C2C(CCC3CCCC[C@@H]23)C2CC[C@H]3CCCCC3C12,0.000292157,positive
O=c1c(-c2ccccc2)coc2ccccc12,0.000292156,positive
C1=CC2CCC3C(CCC4C[C@@H](O[C@H]5CCCCO5)C[C@@H](O[C@@H]5OCCC[C@H]5O[C@H]5CCCCO5)C43)C2C1,0.000292154,positive
c1ccc2c(c1)[nH]c1cnccc12,0.00029202,positive
O=C1CC2[C@@H](c3ccoc3)C[C@H]3O[C@@]23C2CC[C@H]3C4CCC[C@]3(COC4)[C@@H]12,0.000290529,positive
C1CC[C@H](O[C@H]2CC[C@]34C[C@]35CCC3CCCC3[C@@H]5C[C@H](O[C@H]3CCCCO3)[C@H]4C2)OC1,0.000290529,positive
O=C1C=CC[C@@H]2C[C@H]3O[C@@H]4C[C@@H](c5ccoc5)C=C4C3CC12,0.000290529,positive
O=C1c2ccc3c(c2O[C@@H]2COc4ccccc4[C@H]12)C=CCO3,0.000290529,positive
C1=C2CCCC3OC4(CCC5CCCC5=C4C1)O[C@H]23,0.000290529,positive
O=C1CCC2C3C(=O)C=C4C(CCC5CCCC[C@@H]45)C3CC[C@H]2C1,0.000290529,positive
c1ccc2c(c1)CCCO2,0.000290529,positive
O=C(O[C@H]1CCC[C@@H]2C[C@H]3O[C@@H]4C[C@@H](c5ccoc5)C=C4C3CC21)c1ccccc1,0.000290529,positive
C=C1CC[C@H]2C(=C)CC[C@H]3C(C[C@@H]4C(=O)O[C@H]5[C@H]4CCC(=C)[C@@H]4CCC(=C)[C@H]54)C(=O)O[C@@H]3[C@@H]12,0.000290529,positive
O=C1C=CC=C2OCCC12,0.000290529,positive
O=C1CC[C@]23C[C@]24CCC2CCCC2[C@@H]4CC[C@H]3C1,0.000290529,positive
C1=C2C(CCC3CCCC[C@@H]23)C2CC[C@H]3CCCCC3[C@H]2C1,0.000290529,positive
O=c1c(O[C@H]2CCCCO2)c(-c2ccccc2)oc2ccccc12,0.000290529,positive
O=c1c(O[C@H]2CCC[C@@H](CO[C@H]3CCCCO3)O2)c(-c2ccccc2)oc2ccccc12,0.000290529,positive
O=C1C=C[C@H]2CC3CCC[C@@H]3C/C=C\[C@@H]12,0.000290529,positive
O=C1C=C(c2ccccc2)C(Cc2ccccc2)O1,0.000290529,positive
O=c1cc(-c2ccccc2)oc2c([C@H]3CCCCO3)cc([C@H]3CCCCO3)cc12,0.000290529,positive
O=c1cc(-c2ccc3c(c2)OCO3)oc2ccccc12,0.000290529,positive
O=C1CC[C@@H](CC[C@H]2CCC3C4=CCCC[C@@H]4CCC32)O1,0.000290529,positive
O=C1Nc2cc3ccccc3c3cccc1c23,0.000290529,positive
c1ccc(-c2ccc(OC3CCCC4CCCC[C@H]43)cc2)cc1,0.000290529,positive
C=C1CCCC[C@H]2C=CC[C@H]12,0.000290529,positive
O=C1C=C[C@H](/C=C/CO[C@H]2CCCCO2)CC1,0.000290528,positive
O=c1cccc2c1c1cc[nH]c3ccc(=O)n2c31,0.000290528,positive
O=c1cc2c3ccccc3n3c(=O)ccc([nH]1)c23,0.000290528,positive
O=C1CC(=O)C2=C(C1)OCC2,0.000290525,positive
C=C1CCCCC1,0.000290515,positive
c1ncc2ncn([C@H]3CCCO3)c2n1,0.000290385,positive
C1=C[C@@H]2C[C@]3(C=CCC3C1)CC[C@H]1C[C@H]12,0.00028809,positive
C1=C2CCCCC2[C@H]2CCC3CCC[C@H]3[C@@H]2C1,0.00028809,positive
O=C(OC1CCCCC1)C1CCC2CCC3C(=CC(=O)C4C3CC[C@H]3CCCCC43)[C@@H]2C1,0.00028809,positive
O=C1CC[C@H]2C3CC4CC[C@H](OCc5ccccc5)[C@@H]4CC3C[C@@H]12,0.000288089,positive
O=C1CC[C@]23C[C@]24CCC2C(CC[C@@H]2[C@@H]2COC[C@H]5OCO[C@@H]5C2)[C@@H]4CC[C@H]3C1,0.000288089,positive
C1=C2C3=CC[C@H]4CCCCC4[C@@H]3CCC2CC1,0.000288089,positive
C=C1C(=O)O[C@H]2CC[C@@H]3CCCC3C[C@H]12,0.000288089,positive
c1ccc2c(c1)ccc1ccccc12,0.000288089,positive
C1=CC2CC=C3Nc4ccccc4[C@@]34CCN(C1)[C@@H]24,0.000288089,positive
C1CC2CC[C@@]34C[C@@]35CCCC[C@@H]5CC[C@H]4C2C1,0.000288087,positive
c1ccc(-c2cc3ccccc3o2)cc1,0.000287276,positive
O=C1C=C([C@H]2C=C3C4CC5[C@@H]6C(CC[C@@H]5OC(=O)/C=C/c5ccccc5)CO[C@H]6[C@H]4O[C@@H]3C2)CO1,0.00028565,positive
C1=C2[C@@H]3Cc4ccccc4[C@@]2(CCC1)CCN3,0.00028565,positive
O=C1C=CC2[C@@H](CCC3C4=CC(=O)[C@@H](c5ccoc5)C4CC[C@@H]32)C1,0.00028565,positive
O=c1oc2cc3occc3cc2cc1-c1ccc2c(c1)OCO2,0.00028565,positive
O=C1C=CC[C@H](CC2CCC3C2CC[C@@H]2C4C(=O)C=CCC4CC[C@@H]32)O1,0.00028565,positive
O=C1C=C2CCCC3CCC(/C=C\2O1)O3,0.00028565,positive
c1ccc2c(c1)OC1c3ccccc3OCC21,0.00028565,positive
O=C1O[C@H]2[C@@H]3OC(=O)c4ccccc4-c4ccc5oc(=O)c6c(ccc7oc(=O)c4c5c76)-c4ccccc4C(=O)OC[C@H]3OC[C@@H]2OC(=O)c2ccccc2-c2ccccc21,0.00028565,positive
O=C1NC2CC[C@H]3CC4CCC[C@@H]4C/C=C/1[C@H]23,0.00028565,positive
O=c1ccc2cccc(/C=C/CCCc3cccc4ccc(=O)oc34)c2o1,0.00028565,positive
C1=C2C3CC4CCCC[C@@H]4C[C@H]3O[C@@H]2C[C@H]1c1ccoc1,0.00028565,positive
O=C1C=C[C@H]2CC3CC[C@]4(CCCO4)[C@@H]3CCC=C12,0.00028565,positive
C=C1CC[C@@H]2C[C@@H]2C=CC(=O)C2CC[C@H](OC(=O)/C=C/c3ccccc3)[C@@H]2C1,0.00028565,positive
C=C1CC[C@H]2CCCCC2[C@H]1C/C=C1\CC(=O)OC1=O,0.00028565,positive
O=c1cc(CCc2ccccc2)oc2c1[C@H]1C[C@@H](C2)Oc2cccc(CCc3coc4ccccc4c3=O)c21,0.00028565,positive
O=C1OCCCCCCCCc2ccccc21,0.00028565,positive
O=C1C=C([C@@H]2C[C@H]3O[C@]34C3C(=O)C[C@H]5COC(=O)C=CC5[C@H]3CCC24)C(=O)N1,0.00028565,positive
O=C(C=C/C=C/C=C/C=C/C=C/C=C/C=C/C=C=C1CCCCC1)C[C@]12CCCCC1O2,0.00028565,positive
O=C1CCC2[C@H](C1)CC(=O)C1=CCCC[C@@H]12,0.00028565,positive
C=C1C(=O)O[C@@H]2CC3CCCCC3=C[C@H]12,0.00028565,positive
O=C1CCC23Oc4cccc5c4[C@](CCC5=O)(Oc4cccc1c42)O3,0.00028565,positive
O=c1cc(CCc2ccccc2)oc2c1[C@H]1C[C@@H](C2)Oc2ccc3oc(CCc4ccccc4)cc(=O)c3c21,0.00028565,positive
O=C1CCC2[C@@H](CCC3C4CC(=O)C5CCCC[C@H]5C4=CC[C@@H]32)C1,0.00028565,positive
O=C(OC[C@]12[C@H]3OC4CC(O3)[C@@]1(O[C@H]1CCCCO1)C[C@@H]42)c1ccccc1,0.00028565,positive
c1ccc2c(c1)CCCC21Oc2cccc3cccc(c23)O1,0.00028565,positive
O=c1ccc2cc3c(cc2o1)OCC=C3,0.00028565,positive
C=C1CCCC2CCCC[C@@H]12,0.00028565,positive
O=C1C=CC(=O)c2c1ccc1ccccc21,0.00028565,positive
O=C1CCC[C@@H]2CC[C@H]3CCCCC3[C@@H]12,0.00028565,positive
c1ccc(-c2ccc3ccccc3[o+]2)cc1,0.00028565,positive
O=C(/C=C/c1ccccc1)NCCc1ccccc1,0.00028565,positive
c1ccc2c(c1)C[C@@H]1O[C@@H]1C21Oc2cccc3cccc(c23)O1,0.00028565,positive
O=C1CC2CC[C@@H]3C4CCCCC4CC[C@H]3[C@@H]2C1,0.000285649,positive
c1cc2cc(c1)Oc1ccc(cc1)C[C@@H]1NCCc3cc4c(c(c31)Oc1ccc3c(c1)[C@@H](C2)NCC3)OCO4,0.000285649,positive
O=C1C=C2C=CNC=C2C(=O)C1,0.000285646,positive
C1=C2C(=CCC3CCCC23)C2CCCC[C@@H]2C1,0.000285645,positive
O=c1ccoc2ccccc12,0.000285639,positive
O=C(/C=C/C=C/c1ccccc1)/C=C/c1ccccc1,0.000285638,positive
C1=CCC/C=C/CC/C=C/C1,0.00028556,positive
,0.000285445,positive
C=C1CCCC(COc2ccc3ccc(=O)oc3c2)C1,0.000283204,positive
O=C(/C=C/c1ccccc1)OC[C@@H]1C[C@H](O[C@H]2CCCCO2)C[C@H](OCCc2ccccc2)O1,0.000283204,positive
O=C1C[C@@H](c2ccccc2)Oc2ccccc21,0.000282296,positive
O=c1cc(CCc2ccccc2)oc2c1[C@H]1C[C@@H](C2)Oc2cc(CCc3cc(=O)c4ccccc4o3)ccc21,0.000280765,positive
O=c1oc2cc3occc3cc2cc1-c1ccccc1,0.000280765,positive
c1ccc(CCCCCCCc2ccccc2)cc1,0.000280763,positive
O=c1cc(-c2ccccc2)oc2c1ccc1occc12,0.000280762,positive
O=C(/C=C/c1ccccc1)O[C@H]1CCC2CO[C@@H]3[C@@H]2C1CC1C2=C[C@H](C4=CCOC4=O)C[C@H]2O[C@@H]13,0.000275879,positive
C=C1CC[C@H]2C(=C)CC[C@H]3C(C[C@@H]4C(=O)O[C@@H]5C=CCCC=CCC[C@@H]45)C(=O)O[C@@H]3[C@@H]12,0.000275879,positive
O=C(/C=C/c1ccccc1)O[C@H]1CC(=O)C2[C@@H](CCC3C4=CCC5CCCC[C@H]5C4CC[C@@H]32)C1,0.000275879,positive
O=C1C=C2C(CCC3CCCC[C@@H]23)C2CC[C@H]3C[C@@H](O[C@H]4CCCCO4)CCC3C12,0.000275879,positive
O=C1OCC2=C1CC(=O)C1C3C(=O)C=CC(=O)[C@@H]3CC[C@@H]21,0.000275879,positive
O=c1cc(CCc2ccccc2)oc2c1[C@H]1C[C@H](C2)Oc2cccc(CCc3coc4ccccc4c3=O)c21,0.000275879,positive
O=c1cc2occc3c(O[C@H]4CCCCO4)c(-c4ccccc4)oc(c1)c23,0.000275879,positive
O=C(OCCc1ccccc1)c1cc(-c2ccccc2)c2ccccc2c1,0.000275879,positive
O=C1C=C[C@H]2CC3CC[C@]4(CCCO4)[C@@H]3C/C=C\[C@@H]12,0.000275879,positive
O=C1CC2CCC3C(CC[C@@H]4C[C@@H](O[C@H]5CCCCO5)C[C@@H](OC5OCCC[C@H]5O[C@H]5CCCCO5)C34)C2C1,0.000275879,positive
O=C1CC=C[C@H](C[C@H]2CCC3C2CC[C@@H]2C4C(=O)C=CCC4CC[C@@H]32)O1,0.000275879,positive
C=C1CC[C@@H]2CCCCC2[C@@H]1C/C=C1\CCOC1=O,0.000275879,positive
O=C1C[C@H]2CCCCC2[C@H]2CCCC[C@H]12,0.000275879,positive
C=C1C[C@@H]2C(CC[C@@H]2OC(=O)c2ccccc2)C(=O)C=C[C@H]2C[C@H]2C[C@H]1OC(=O)c1ccccc1,0.000275879,positive
O=c1cc(CCc2ccccc2)oc2c1[C@H]1C[C@@H](C2)Oc2c1ccc1c(=O)cc(CCc3ccccc3)oc21,0.000275879,positive
O=C1OCC2=C1CCC1[C@H]2C[C@@H]2O[C@@]23CCC[C@@H]2O[C@@]123,0.000275879,positive
O=C1C=CC2[C@@H](CCC3Oc4ccc5c(c4C[C@H]32)CCOC5=O)C1,0.000275879,positive
O=C1CC=CC2=C1CCO2,0.000275879,positive
c1ccc(-c2ccccc2O[C@@]23CCCC(CC[C@H]4CC[C@@H]42)C3)cc1,0.000275879,positive
O=c1cc(-c2ccccc2)oc2c3c(ccc12)OCC=C3,0.000275879,positive
O=C1C(=O)c2c(ccc3c2CCCC3)C2=C1CCO2,0.000275879,positive
O=C(/C=C/c1ccccc1)C[C@H](CCc1ccccc1)O[C@H]1CCCCO1,0.000275879,positive
O=c1ccc2cccc(C[C@H]3CCC=C[C@@H]3c3cccc4ccc(=O)oc34)c2o1,0.000275879,positive
C=C1CCCC2c3ccccc3CC[C@@H]12,0.000275879,positive
O=c1ccc2ccc3ccccc3c2o1,0.000275879,positive
O=C(/C=C/c1ccccc1)c1ccc2c(c1)CCCO2,0.000275879,positive
C=C1CC[C@H]2CCCCC2[C@H]1CCC1=CC(=O)OC1,0.000275879,positive
C=C1CC[C@H]2CCCCC2[C@H]1C/C=C1\CCOC1=O,0.000275879,positive
O=C(/C=C/c1ccccc1)c1ccc2c(c1)C=CCO2,0.000275879,positive
O=c1cc(-c2ccccc2)oc2cc(O[C@H]3CCC[C@@H](CO[C@H]4CCCCO4)O3)ccc12,0.000275879,positive
O=C(Cc1ccccc1)Cc1ccccc1,0.000275879,positive
O=C(/C=C/c1ccccc1)OCCc1ccccc1,0.000275879,positive
O=C1C=CC2(CCCC2)CC1,0.000275879,positive
c1ccc(C2c3ccccc3CCc3ccccc32)cc1,0.000275879,positive
c1cc2cc(c1)Oc1ccc(cc1)C[C@@H]1NCCc3ccc(cc31)Oc1cccc3c1[C@@H](C2)NCC3,0.000275879,positive
O=C(C=Cc1ccc2c(c1)OCO2)c1ccc2occc2c1,0.000275879,positive
O=c1ccc2ccc(O[C@H]3CCCCO3)cc2o1,0.000275879,positive
O=C1COC(=O)[C@@H]2CCCN2C(=O)[C@@H](Cc2ccccc2)NC(=O)[C@@H]2CCCN2C(=O)[C@@H](Cc2ccccc2)N1,0.000275879,positive
C1=C[C@@]23CCCCC2[C@H]2CCC4CCC[C@H]4[C@@]12OO3,0.000275879,positive
O=C(/C=C/CCc1ccccc1)/C=C/c1ccccc1,0.000275879,positive
c1ccc(CCc2c(Cc3ccccc3)cccc2Cc2ccccc2)cc1,0.000275879,positive
O=C1C=C2C[C@H]3C(=O)CCCC3CC2O1,0.000275879,positive
c1ccc(CCc2ccccc2)cc1,0.000275878,positive
O=C(C=CCCc1ccccc1)CCc1ccccc1,0.000275878,positive
O=C1CC[C@H]2c3[nH]c4ccccc4c3CCN12,0.000275878,positive
O=c1ccc2[nH+]ccc3c4ccccc4n1c23,0.000275877,positive
c1ccc([C@H]2OC[C@H]3[C@@H]2CO[C@@H]3c2ccccc2)cc1,0.000275877,positive
c1cc2cc(c1)Oc1ccc(cc1)C[C@@H]1NCCc3ccc(cc31)Oc1cccc3c1[C@H](C2)NCC3,0.000275876,positive
c1ccc(C2CCc3ccccc3O2)cc1,0.000275851,positive
c1ccccc1,5.09E-05,positive
c1ccc2[nH]ccc2c1,4.64E-05,positive
C(=C/c1ccccc1)\c1ccccc1,4.39E-05,positive
c1ccc(-c2ccccc2)cc1,-0.000113118,negative
O=C(Cn1cnnn1)NC1(C(=O)Nc2ccccc2)CCCCC1,-0.000176138,negative
O=c1cc[nH]c2ccccc12,-0.000178075,negative
c1ccc2c(c1)NCCN2,-0.000178121,negative
O=c1ccc2ccccc2[nH]1,-0.000178186,negative
O=c1cc(NC2CCCCC2)nc2ccccn12,-0.000178194,negative
O=c1ccnc2nc[nH]n12,-0.000178211,negative
O=C(CCCCc1ccc2c(c1)OCO2)N1CCCC1,-0.000178213,negative
O=C1CC2(C=C3SCCN13)CCCCC2,-0.000178216,negative
O=c1cc(-c2ccccc2)nc2nc(CCc3ccccc3)[nH]n12,-0.000178216,negative
O=c1ccc2ccccc2n1-c1ccccc1,-0.000178217,negative
O=C(CSc1ccccc1)NCCc1ccccc1,-0.000178218,negative
c1ccc2c(c1)oc1ccccc12,-0.000178218,negative
O=c1c2ccccc2nc(-c2ccccc2)n1-c1ccccn1,-0.000178219,negative
c1cnc2nc[nH]c2c1,-0.000178219,negative
O=C1C=CCCN1,-0.000178219,negative
O=C(NCc1ccccc1)c1ccccc1,-0.000178219,negative
c1ccc2nc3c(cc2c1)CCCC3,-0.000178219,negative
O=C(NCc1cccnc1)Nc1ccccc1,-0.000178219,negative
O=S(=O)(Nc1ccccc1)c1ccccc1,-0.000178219,negative
O=C(Nc1ccc(Nc2ccccc2)cc1)C1CC1,-0.000178219,negative
O=S1(=O)N=C2CCCN2C(c2ccccc2)N1,-0.000178219,negative
O=C1NCC=C(COC(=O)c2ccccc2)N1,-0.000178219,negative
c1ccc(Sc2cccnc2)cc1,-0.000178219,negative
c1ccc(-c2cc3ccccc3[nH]2)cc1,-0.000178219,negative
O=C1CCc2ccc(Sc3ccccc3)cc21,-0.000178219,negative
O=C(COc1ccccc1)Nc1ncccn1,-0.000178219,negative
O=C(OCCN1C(=O)c2ccccc2C1=O)c1cnccn1,-0.000178219,negative
O=c1[nH]cnc2sc3c(c12)CCC3,-0.000178219,negative
O=C(c1conc1-c1ccccc1)n1cccn1,-0.000178219,negative
O=S(=O)(c1ccccc1)N1CCc2c([nH]c3ccccc23)C1,-0.000178219,negative
c1cc2c(s1)CSCC2,-0.000178219,negative
c1ccc(OCCCn2cccn2)cc1,-0.000178219,negative
O=c1sc2ccccc2n1CCOc1ccccc1,-0.000178219,negative
O=C(COc1ccccc1)N1CCc2ccccc21,-0.000178219,negative
O=C1CC(c2ccccc2)Sc2nc(C34CC5CC(CC(C5)C3)C4)nn21,-0.000178219,negative
O=C(CCCCCCc1cccs1)N1CCCC1,-0.000178219,negative
O=C(CSc1nnc(-c2c[nH]c3ccccc23)[nH]1)NCc1ccccc1,-0.000178219,negative
C(=C1Nc2ccccc2N1)c1ccncn1,-0.000178219,negative
c1ccc(CSc2cn3c(n2)CCC3)cc1,-0.000178219,negative
O=C(Nc1ccccc1)Nc1cccc2cccnc12,-0.000178219,negative
O=C(Cn1c(-c2cnon2)nc2ccccc21)NCCc1ccccc1,-0.000178219,negative
c1ccc(COc2ccccc2-c2cc(C3CCNCC3)ccn2)cc1,-0.000178219,negative
O=C1C=CCCN1Cc1ccccc1,-0.000178219,negative
O=C1CNC(c2ccccc2)N1,-0.000178219,negative
O=C(CSc1nc2ccccc2c(=O)[nH]1)N1CCCCC1,-0.000178219,negative
O=c1[nH]c(=O)c2c(nc(N3CCCC3)n2CCSc2nccs2)[nH]1,-0.000178219,negative
O=C1CN=C(Nc2ccccc2)N1CCc1ccccc1,-0.000178219,negative
O=C(Nc1ccccc1)C(NC1CCCC1)c1ccccc1,-0.000178219,negative
O=C(Cn1cnc2ccccc2c1=O)Nc1nccs1,-0.000178219,negative
c1ccc(Cc2cc3ccccc3[nH]2)cc1,-0.000178219,negative
O=C(CNS(=O)(=O)c1cccc2nsnc12)N1CCN(C2CCCCC2)CC1,-0.000178219,negative
O=c1n(Cc2ccccc2)c2sc3c(c2c2ncnn12)CCCC3,-0.000178219,negative
O=C(CCc1cnc2cc(-c3ccccc3)nn2c1)N1CCC2(CC1)OCCO2,-0.000178219,negative
O=C(CCS(=O)(=O)c1ccccc1)NCCN1CCCCC1,-0.000178219,negative
O=C(CCc1ccc(S(=O)(=O)NCCc2ccccc2)cc1)N1CCNCC1,-0.000178219,negative
O=C(c1ccccc1)N(Cc1ccccc1)C1CCS(=O)(=O)C1,-0.000178219,negative
O=C(CSc1nnnn1-c1ccccc1)Nc1ncccn1,-0.000178219,negative
O=c1[nH]c(SCc2ccccc2)nc2ccccc12,-0.000178219,negative
c1ccc(CCN2CCc3ccccc32)cc1,-0.000178219,negative
c1ccc(CNc2ccc3c(c2)CCN3)cc1,-0.000178219,negative
c1ccc2c(c1)oc1c(N3CCCCC3)ncnc12,-0.000178219,negative
O=S(=O)(Nc1ccc2c(c1)CCN2Cc1ccccc1)C1CCCCC1,-0.000178219,negative
O=C(CCc1nc(-c2ccccc2)no1)NCCN1CCc2ccccc2C1,-0.000178219,negative
O=C1C(=Nc2ccccc2)c2ccccc2N1CN1CCOCC1,-0.000178219,negative
O=C(CNS(=O)(=O)c1ccc2c(c1)CCN2)NCc1ccccc1,-0.000178219,negative
O=C(NCC1CCCO1)c1ccns1,-0.000178219,negative
O=C(Oc1cc2cc(Cc3ccccc3)[nH]c2c2ccccc12)c1ccccc1,-0.000178219,negative
O=C(Cn1cc(C(=O)NCCc2ccccc2)nn1)Nc1ccccc1,-0.000178219,negative
O=C(Nc1sccc1C(c1ccncc1)N1CCOCC1)c1ccco1,-0.000178219,negative
O=C(c1ccco1)N1CCN(/C(=N/S(=O)(=O)c2cccs2)c2ccccc2)CC1,-0.000178219,negative
O=C(NCC1CCCO1)c1ccc(Cn2c(=O)[nH]c3ccccc3c2=O)cc1,-0.000178219,negative
O=C(CSc1ccccc1)Nc1ccc(-c2nnc(-c3ccco3)o2)cc1,-0.000178219,negative
O=C(Nc1ccccc1)c1cccc(S(=O)(=O)Nc2ccccc2)c1,-0.000178219,negative
O=C(NCc1ccccc1)c1cccc(S(=O)(=O)N2CCN(Cc3ccccc3)CC2)c1,-0.000178219,negative
O=C(NC1CCN(Cc2nnnn2Cc2ccccc2)CC1)c1ccccc1,-0.000178219,negative
O=C(C1CCCC1)N1CCN(Cc2cccc(Nc3nc4c(s3)CCC4)c2)CC1,-0.000178219,negative
c1ccc(-c2ncn(CCCN3CCOCC3)c2-c2ccncc2)cc1,-0.000178219,negative
O=C(Nc1ccc(N2CCNCC2)cc1)c1ccccc1,-0.000178219,negative
O=c1c2cnoc2c(Cc2ccccc2)nn1Cc1n[nH]c(=S)n1-c1ccccc1,-0.000178219,negative
O=C(NCCCN1CCOCC1)c1cccc(S(=O)(=O)Nc2ccccc2)c1,-0.000178219,negative
O=C(CSc1nccc(-c2ccco2)n1)NCc1cn[nH]c1,-0.000178219,negative
O=c1c2cnoc2c(Cc2ccccc2)nn1Cc1nnc(Nc2ccccc2)s1,-0.000178219,negative
O=C1CC(=O)OCC2OC(=O)N3CCN=C(CCC[C@H](O[C@H]4C[C@@H](NCc5ccc(-c6c[nH]nn6)cc5)CCO4)C1)C[C@H]23,-0.000178219,negative
O=C(Nc1ccc(CN2CCNCC2)cc1)c1cccc(NC(=O)c2cncc(-c3ccccc3)c2)c1,-0.000178219,negative
c1ncncn1,-0.00017822,negative
O=C(NCCc1ccccc1)c1ccco1,-0.000178221,negative
O=C(C1CCN(c2ncnc3c2nc2n3CCCCC2)CC1)N1CCNCC1,-0.000178222,negative
O=C(NS(=O)(=O)c1ccccc1)c1ccncc1,-0.000178222,negative
c1cc(OC2CCCCC2)nc(-c2cnnn2C2CCNCC2)c1,-0.000178222,negative
c1ccc(-c2ccc(NC3CCCCC3)cc2)cc1,-0.000178222,negative
c1ccc(-c2cc3ccc4ccccc4c3o2)cc1,-0.000178222,negative
O=C(NC(c1ccccc1)c1ccccc1)c1ccco1,-0.000178222,negative
O=C(NC1CC1)c1ccc(=O)n(CC2CCOCC2)c1,-0.000178222,negative
O=C(CNCc1ccccc1)N1CCNCC1,-0.000178222,negative
O=c1[nH]c2ccccc2cc1C(c1nnnn1Cc1ccco1)N1CCCCC1,-0.000178222,negative
C(#Cc1ccc(-c2cnc(-c3ccccc3)[nH]2)cc1)c1ccccc1,-0.000178222,negative
O=C1CN(C(=O)Nc2ccccc2)C2CCCCC2N1,-0.000178222,negative
C1CC[C@@H]2CCC3C4CCC5CCC[C@@H]5[C@H]4CC[C@@H]3C2C1,-0.000178223,negative
O=C1C=CC=CC1=O,-0.000178223,negative
c1ccc2nccnc2c1,-0.000178223,negative
C1=CC(c2ccoc2)c2c(n[nH]c2-c2ccccc2)O1,-0.000178224,negative
c1cnsc1,-0.000178224,negative
O=S(=O)(N=Cc1ccccc1)c1cccs1,-0.000178224,negative
O=C(C1c2ccccc2C(=O)N2CCc3ccccc3C12)N1CCNCC1,-0.000178224,negative
O=c1[nH]c2c(s1)C(c1ccccc1)CCS2,-0.000178224,negative
O=S(=O)(NCCCc1ccccc1)c1cccc(-c2cnoc2)c1,-0.000178224,negative
c1ccc(N2CCc3cn[nH]c32)cc1,-0.000178224,negative
c1ccc(-c2ccnc(N3CCNCC3)n2)cc1,-0.000178224,negative
c1ccc(CCCn2ccc3ccccc32)cc1,-0.000178224,negative
c1ccc(-c2ccn(-c3ccccc3)n2)cc1,-0.000178224,negative
O=C(NCCc1ccccc1)c1ccc(S(=O)(=O)N2CCCCC2)cc1,-0.000178224,negative
O=c1c2ccccc2[nH]c(=S)n1CCc1ccccc1,-0.000178224,negative
O=C1N=C(c2ccccc2)S/C1=C\c1ccccc1,-0.000178224,negative
O=C(COc1ccc(S(=O)(=O)N2CCCCC2)cc1)N1CCCCCC1,-0.000178224,negative
O=C1c2ccccc2C(=O)N1CNc1ccccc1,-0.000178224,negative
O=C1C=CCCN1CCc1ccccc1,-0.000178224,negative
O=C1CCCN1c1ccccc1,-0.000178224,negative
c1ccc(Oc2ccccc2)cc1,-0.000178224,negative
O=C(NC1CC2CCC(C1)N2Cc1nnnn1Cc1ccco1)NC12CC3CC(CC(C3)C1)C2,-0.000178224,negative
O=S(=O)(NCc1ccccc1)c1cnc[nH]1,-0.000178224,negative
O=C(N[C@H]1CNC1=O)OCCCCC1CCOCC1,-0.000178224,negative
O=C1CN2C(SCc3ccccc3)=Nc3ccccc3C2=N1,-0.000178224,negative
c1ccc(-c2ccc(NC3CCCC3)cc2)cc1,-0.000178224,negative
O=c1c(Oc2ccccc2)coc2c(CN3CCCC3)cccc12,-0.000178224,negative
O=C(CSCC(=O)Nc1nccs1)Nc1ccccc1,-0.000178224,negative
O=C1NC(=S)S/C1=C/N1CCCc2ccccc21,-0.000178224,negative
O=C(CNc1ccccc1)N1CCN(c2ccccc2)CC1,-0.000178224,negative
O=C(CCc1ccccc1)NNC(=O)c1ccccn1,-0.000178224,negative
c1ccc(CSc2nccn2-c2ccccc2)cc1,-0.000178224,negative
O=C1NCC=C(COC(=O)c2ccccn2)N1,-0.000178224,negative
O=C1CC(C(=O)N2CCN(c3ccccc3)CC2)CN1,-0.000178224,negative
O=C(NCC1CCCO1)C(=O)Nc1cc2c(s1)COCC2,-0.000178224,negative
C(=C1Nc2ccccc2S1)c1ccnc(NCc2ccccc2)n1,-0.000178224,negative
O=C(CSc1nnc(-c2ccoc2)n1CCc1ccccc1)Nc1ccccc1,-0.000178224,negative
O=C1NC=C(C(=O)OCc2ccccc2)C(c2ccc(N3CCOCC3)cc2)N1,-0.000178224,negative
O=S(=O)(Nc1ccccc1)c1cccc(-c2nnc(-c3ccccc3)o2)c1,-0.000178224,negative
O=C(CN1C(=O)c2ccccc2C1=O)OCC(=O)c1ccccc1,-0.000178224,negative
O=S(=O)(C=NNc1ccccc1)c1ccsn1,-0.000178224,negative
O=c1[nH]c(=O)n(-c2ccccc2)cc1C=NCc1ccco1,-0.000178224,negative
O=C(CSc1nnc(-c2ccccc2)[nH]1)Nc1ccccc1,-0.000178224,negative
O=C(COC(=O)CNC(=O)c1ccco1)Nc1ccccn1,-0.000178224,negative
O=C(NNC(=S)Nc1ccccc1)c1ccn[nH]1,-0.000178224,negative
O=C(NC1CCC1)c1ccc(=O)n(Cc2ccncc2)c1,-0.000178224,negative
O=S(=O)(c1ccccc1)C1CCN(Cc2ccccc2)CC1,-0.000178224,negative
c1ccc(CCn2cc(COc3ccc(Nc4ncnc5[nH]ccc45)cc3)nn2)cc1,-0.000178224,negative
O=C(NC(=S)Nc1ccccc1)c1ccccc1,-0.000178224,negative
O=C(Nc1cccc(Nc2ncc(C(=O)c3ccccc3)s2)c1)c1ccccc1,-0.000178224,negative
c1ccc(Nc2ccnc(Nc3ccc(-c4ccsc4)cc3)n2)cc1,-0.000178224,negative
O=C(COC(=O)c1c[nH]c2ncccc2c1=O)NC1CCS(=O)(=O)C1,-0.000178224,negative
O=C(CSc1nc2ccccc2nc1N1CCOCC1)N1CCN(CCn2cccc2)CC1,-0.000178224,negative
O=C(CCc1ccccc1)NC1CCN(c2ccccn2)CC1,-0.000178224,negative
O=C(N/N=C/c1ccccc1OC(=O)c1ccccc1)c1ccccc1,-0.000178224,negative
O=C(CSc1nnc(-c2ccco2)n1CC1CCCO1)NC1CCCC1,-0.000178224,negative
O=C1C[C@@H](O[C@@H]2CCCCO2)C[C@@H](O[C@H]2C[C@@H](NCc3ccccc3-c3c[nH]nn3)CCO2)CCCCNCCCCO1,-0.000178224,negative
O=C(NCCCN1CCN(c2ccccc2)CC1)C1CCCN(c2ncnc3c2nc2n3CCCCC2)C1,-0.000178224,negative
O=C(CSc1nnc(-c2ccccc2)o1)Nc1ccccc1,-0.000178224,negative
O=C(Nc1cc(-c2ccccc2)n(-c2ccccc2)n1)N1CCCCC1,-0.000178224,negative
C(=Cc1nc(-c2ccccc2)cs1)Nc1ccccc1,-0.000178224,negative
O=C1CCCCOC(=O)C[C@@H](O[C@@H]2CCC(CNCc3ccc(-c4c[nH]nn4)cc3)CO2)C[C@@H](O[C@@H]2CCCCO2)CCC1,-0.000178224,negative
O=C(CSc1nnc(-c2ccco2)[nH]1)Nc1nncs1,-0.000178224,negative
O=C(NCCCCCc1ccccc1)Oc1cccc(CNCCCOc2ccc3c4c(c(=O)oc3c2)CCCC4)c1,-0.000178224,negative
O=C(Nc1ccccc1)c1cn(-c2ccccc2)nc1-c1ccccc1,-0.000178224,negative
O=C(Nc1ccc(C2CCN(C(=O)CN3CCOCC3)CC2)cc1C1=CCCCC1)c1ncc[nH]1,-0.000178224,negative
O=C1C[C@@H](O[C@H]2CCC(CNCc3ccc(-c4c[nH]nn4)cc3)CO2)C[C@@H](O[C@H]2CCCCO2)CCCCNCCCCO1,-0.000178224,negative
O=C(NCCCCCc1ccccc1)Oc1cccc(CNCCCOc2ccc3cc(-c4ccccc4)c(=O)oc3c2)c1,-0.000178224,negative
O=C(CSc1nnc(COc2ccccc2)n1Cc1ccco1)Nc1ccccc1,-0.000178224,negative
O=C(CCCCn1c(=O)c2ccccc2n(Cc2ccccc2)c1=O)NC1CCN(Cc2ccccc2)CC1,-0.000178292,negative
O=C(NCc1ncn[nH]1)c1cnc2ccccc2c1,-0.000184732,negative
c1ccc(Oc2cccc(-c3cnnn3C3CCNCC3)n2)cc1,-0.000184732,negative
c1ccc2ncccc2c1,-0.000186356,negative
c1ccc(Oc2ccc(Nc3ncnc4[nH]ccc34)cc2)cc1,-0.000186765,negative
S=C(c1ccccc1)N1CCOCC1,-0.000187986,negative
C(=C1Nc2ccccc2S1)c1ccnc(NCCc2ccccc2)n1,-0.000187986,negative
O=C(Nc1ccccc1)c1ccc(CN2CCC(Cc3ccccc3)CC2)cc1,-0.000187986,negative
O=C1c2cccc3cccc(c23)C(=O)N1c1ccccc1,-0.000187988,negative
O=C(COc1ccc(C(=S)N2CCNCC2)cc1)N1CCOCC1,-0.000187988,negative
c1ccc2c(c1)CCN2Cc1ccc2ccccc2c1,-0.000187988,negative
O=C(CSc1nnc(C2CC2)n1Cc1ccccc1)Nc1cccs1,-0.000187988,negative
c1ccc(Oc2cccnc2)cc1,-0.000189207,negative
O=C(Cn1ccnn1)N1CCN(c2ncnc(N3CCN(C(=O)Cn4ccnn4)CC3)n2)CC1,-0.000189617,negative
O=C(CCc1ccc(-c2ccc3c(c2)OCO3)cc1)N1CCCC1,-0.000190407,negative
c1ccncc1,-0.000190425,negative
O=c1c2[nH]c3ccccc3c2ncn1CN1CCCC1,-0.000190425,negative
O=C(Oc1cccc(-c2ccccc2)c1)c1ccccc1,-0.000190425,negative
c1ccc(-c2cc(C3CCCNC3)ccn2)cc1,-0.000190425,negative
c1ccc2c(c1)CCN2,-0.000190425,negative
O=C(NNS(=O)(=O)c1ccccc1)C1CCN(S(=O)(=O)c2ccccc2)CC1,-0.000190425,negative
O=C(NCCCN1CCOCC1)c1cc2ccccc2oc1=O,-0.000190425,negative
O=C(Cc1ccc(Oc2nc3ccccc3s2)cc1)NCc1c[nH]c2ccccc12,-0.000190425,negative
S=C(Nc1ccccc1)C(=Cc1ccccc1)[n+]1ccccc1,-0.000190425,negative
O=C1CCCCOC(=O)C[C@H](O[C@H]2CCC(CNCc3ccc(-c4c[nH]nn4)cc3)CO2)C[C@H](O[C@H]2CCCCO2)CCC1,-0.000190425,negative
O=C(CCc1ccccc1)Nc1cccc(Nc2ccc3c(c2)CCc2ccccc2C3=O)c1,-0.000190428,negative
c1ccc(Cc2cc3ccc(-c4ccccc4)cc3[nH]2)cc1,-0.000190428,negative
O=C(NC1CC1)c1ccc(=O)n(Cc2ccccc2)c1,-0.000190428,negative
O=C(Nc1ccccc1)c1cccc(Nc2ccc3c(c2)CCc2ccccc2C3=O)c1,-0.000191241,negative
O=C(CCc1ccc(-c2ccccc2)cc1)N1CCCC1,-0.000192868,negative
O=C1c2cccc3cccc(c23)N1Cc1ccccc1,-0.000192868,negative
O=C1CCC(=O)N1c1ccccc1,-0.000192869,negative
c1cnncn1,-0.000192869,negative
c1ccc(CN=C2Nc3ccccc3CS2)cc1,-0.000192869,negative
O=c1[nH]c(=O)c2c(ncn2Cc2ccccc2)[nH]1,-0.000192869,negative
O=C(c1ccccc1)c1cnc(Nc2ccccc2)s1,-0.000193846,negative
C=C1Nc2ccccc2S1,-0.000195307,negative
O=C(CCc1ccccc1)Nc1ccccc1,-0.00019531,negative
O=C(CNc1ncccn1)N1CCCCC1,-0.000195311,negative
O=C1CCc2ccc(Oc3ccccc3)cc21,-0.000195311,negative
O=S(=O)(c1cccc(-c2cnoc2)c1)N1CCOCC1,-0.000195311,negative
O=C(N[C@H]1CNC1=O)OCc1ccc(-c2cocn2)cc1,-0.000195311,negative
O=c1c2cnoc2c(Cc2ccccc2)nn1Cc1n[nH]c(=S)[nH]1,-0.000195311,negative
c1ccc(COc2ccccc2)cc1,-0.000195313,negative
O=C(Cn1cccn1)N1CCCCC1,-0.000195313,negative
O=C(NCc1cccs1)c1cc2ncccn2n1,-0.000195313,negative
O=C(Nc1ccccc1)c1ccccc1,-0.000195313,negative
O=C(NC[C@@H]1SC[C@H]2C(=O)NC(=O)N12)OCc1ccccc1,-0.000195313,negative
C(#Cc1c(-c2ccccc2)sc2ccccc12)c1cnc[nH]1,-0.000196124,negative
O=C(NCCc1ccccc1)c1ccc(=O)oc1,-0.000197746,negative
O=C(/C=C/c1ccccc1)NNc1ccccc1,-0.000197748,negative
O=C(OCc1ccccc1)c1ccccc1,-0.000197748,negative
c1ccc(Nc2ncnc3[nH]ccc23)cc1,-0.000197749,negative
O=C1NC(=O)c2ccccc21,-0.000197749,negative
O=c1[nH]cnc2sc3c(c12)CCN(Cc1ccccc1)C3,-0.000197751,negative
c1ccc(Nc2nc(Nc3ccc(-c4ccsc4)cn3)ncc2-c2ccc(CN3CCNCC3)cc2)cc1,-0.000197751,negative
O=c1[nH]c(=O)c2[nH]c(N3CCCCCC3)nc2[nH]1,-0.000197751,negative
c1nnc(NC2=NCCC2)o1,-0.000197752,negative
O=C(NS(=O)(=O)c1ccccc1)c1cccc(C(=O)NS(=O)(=O)c2ccccc2)n1,-0.000197752,negative
O=C(Nc1cccnc1)c1cc2ccccc2[nH]c1=O,-0.000197752,negative
O=C(NCc1ccc[nH]1)Nc1ccccc1,-0.000197752,negative
O=c1[nH]nc(-c2ccccc2)c2ccccc12,-0.000197752,negative
c1ccc2[nH+]cccc2c1,-0.000197752,negative
O=C(CSc1nnc2c(n1)[nH]c1ccccc12)OCc1ccccc1,-0.000197752,negative
O=C1[C@H]2CC=CC[C@H]2C(=O)N1c1ccccc1,-0.000197752,negative
c1ccc(-c2cnoc2)cc1,-0.000197752,negative
c1ccc2c(CCNc3ncnc4c3oc3ccccc34)c[nH]c2c1,-0.000197752,negative
O=C(/C=C/c1ccccc1)C1CCc2ccccc2C1=O,-0.000197752,negative
O=C(NCCN1CCCCC1)c1ccc[nH]1,-0.000197752,negative
O=c1[nH]c(SCc2ccccc2)nc2c1sc1ncccc12,-0.000197752,negative
O=C(COc1ccccc1)Cn1ccc2ccccc21,-0.000197752,negative
O=C1OC(N2CCN(C(=O)c3ccco3)CC2)c2ccccc21,-0.000197752,negative
O=S(=O)(c1ccccc1)n1cnc2ccccc21,-0.000197752,negative
O=C(N[C@@H]1CNC1=O)OCCCCC1CCCCC1,-0.000197752,negative
O=C(c1ccccc1)c1cc2ccccc2o1,-0.000197752,negative
N=C1N(CCCC2CCCC2)CCN1CCN1CCC[C@H]1CN1C=NC[C@@H]1Cc1ccccc1,-0.000197752,negative
O=C(COc1ccccc1)Cn1ccnc1,-0.000197752,negative
C(=NOCc1ccccc1)c1cccs1,-0.000197752,negative
O=C(NC1CCNC1=O)c1cnc2ccccc2c1,-0.000197752,negative
O=C(OCC(=O)N1CCOCC1)c1ccc[nH]1,-0.000197752,negative
O=C(Nc1ccccc1N1CCNCC1)c1cccnc1,-0.000197752,negative
O=C(Nc1ccc(N2C(=O)C3C4C=CC(C4)C3C2=O)cc1)Nc1cccnc1,-0.000197752,negative
O=C1/C(=C/c2ccc(N3CCCC3)cc2)CN(Cc2ccccc2)C/C1=C\c1ccc(N2CCCC2)cc1,-0.000197752,negative
O=C(Cc1cccs1)Nc1ccccc1,-0.000197752,negative
C(#Cc1cc(-n2ccc3cncnc32)ccn1)Cc1cnccn1,-0.000197752,negative
O=S(=O)(Nc1cnc2ccccc2n1)c1cccs1,-0.000197752,negative
c1ccc(-c2noc(-c3ccccc3)n2)cc1,-0.000197752,negative
O=C1c2sc3nc4c(c(=O)n3c2C(=O)N1c1ccccc1)CCC4,-0.000197752,negative
c1ccc(Oc2ncc(CN3CCOCC3)s2)cc1,-0.000197752,negative
O=S(=O)(Nc1nc2c(s1)CCCC2)c1ccccc1,-0.000197752,negative
O=C(Nc1ccccc1)N(C1=NCCCCS1)c1cccc2ccccc12,-0.000197752,negative
O=C(Cc1ccccc1)Nc1cccc(Nc2ccc3c(c2)CCc2ccccc2C3=O)c1,-0.000197752,negative
O=S(=O)(Nc1ccc(S(=O)(=O)N2CCCC2)cc1)c1ccccc1,-0.000197752,negative
O=C(Nc1ccccc1)C1Cc2ccccc2CN1C(=O)c1ccco1,-0.000197752,negative
O=C1C=CCCN1CCCCc1ccccc1,-0.000197752,negative
O=C(CNc1ccccc1)Nc1ccc2c(c1)OCCO2,-0.000197752,negative
O=c1[nH]c(=O)c2c(nc(N3CCNCC3)n2CCCSc2ncccn2)[nH]1,-0.000197752,negative
O=C(CSc1nnc(C2COc3ccccc3O2)o1)Nc1ccon1,-0.000197752,negative
O=C(Nc1ccccc1)c1cc(-c2ccccc2)n[nH]1,-0.000197752,negative
O=C(CC(=O)Nc1nncs1)Nc1ccccc1,-0.000197752,negative
O=C(CCN1CCOCC1)Nc1ccccc1,-0.000197752,negative
c1ccc(N[C@@H]2CCNc3ccc(-c4ccccc4)cc32)cc1,-0.000197752,negative
O=C(CCc1ccccc1)Nc1cccc(Nc2ccc3c(c2)CCCCC3=O)c1,-0.000197752,negative
O=c1cc(-c2ccccc2)c2ccccc2o1,-0.000197752,negative
O=C(Nc1ccccc1)N(Cc1cccnc1)Cc1ccco1,-0.000197752,negative
c1ccc(CSc2nnco2)cc1,-0.000197752,negative
C(#Cc1cc(-n2ccc3cncnc32)ccn1)Cc1nccs1,-0.000197752,negative
O=C(Nc1ccccc1)ON=Cc1ccccn1,-0.000197752,negative
O=C(COC(=O)c1ccc(=O)n(Cc2ccccc2)n1)Nc1ccc2c(c1)OCCO2,-0.000197752,negative
O=C(Cn1nnc(-c2ccccc2)n1)NC1CC2CCC1C2,-0.000197752,negative
O=c1ccn(-c2ccc3c(c2)CCC3)c2nc(NCCCn3ccnc3)ncc12,-0.000197752,negative
O=C(CSc1nnn[nH]1)Nc1ccccn1,-0.000197752,negative
O=C(c1ccncc1)N(Cc1cc2ccccc2[nH]c1=O)CC1CCCO1,-0.000197752,negative
O=C(CSc1nnc(-c2ccoc2)[nH]1)N1CCN(c2ccccc2)CC1,-0.000197752,negative
O=C(Cc1ccccc1)NCC(=O)OCC(=O)c1ccccc1,-0.000197752,negative
O=C(NC1CCCCC1)Oc1cccc(-c2ccccc2)c1,-0.000197752,negative
O=S(=O)(NCCNc1ccc2ccccc2n1)c1ccccc1,-0.000197752,negative
O=C(Nc1ccc2c(c1)CCN2Cc1ccccc1)NC1CCCCC1,-0.000197752,negative
O=C(COC(=O)c1cnn(Cc2ccccc2)c1)Nc1ccon1,-0.000197752,negative
C(=Cc1nc(-c2ccc3c(c2)OCO3)cs1)Nc1ccccc1,-0.000197752,negative
O=C(CSc1nncn1Cc1ccccc1)N1CCN(S(=O)(=O)c2ccccc2)CC1,-0.000197752,negative
O=C(Nc1nnc(C2CC2)s1)c1cccc(S(=O)(=O)N2CCN(c3ccccc3)CC2)c1,-0.000197752,negative
c1ccc(-c2nc[nH]c2-c2ccncc2)cc1,-0.000197752,negative
O=c1[nH]c2ccccc2cc1CNCc1nnnn1Cc1ccccc1,-0.000197752,negative
O=c1c2ccc(OCCCNCc3ccccc3)cc2oc2ncccc12,-0.000197752,negative
N=C1N(CCN2CCC[C@H]2CN2C=NCC2)C[C@@H](Cc2ccccc2)N1CCc1ccccc1,-0.000197752,negative
O=C1C[C@H](O[C@H]2CCCCO2)C[C@H](O[C@@H]2C[C@H](NCc3ccc(-c4c[nH]nn4)cc3)CCO2)CCCCNCCCCO1,-0.000197752,negative
O=C(Cn1ccnn1)NCCCCCCCCCCC(=O)N1CCN(c2ncnc(N3CCN(C(=O)CCCCCCCCCCNC(=O)Cn4ccnn4)CC3)n2)CC1,-0.000197753,negative
O=C(NS(=O)(=O)c1ccccc1)c1cncc(C(=O)NS(=O)(=O)c2ccccc2)c1,-0.000200191,negative
O=S(=O)(c1ccccc1)c1cccnc1,-0.000200192,negative
O=S(=O)(Nc1ncccn1)c1ccccc1,-0.000200192,negative
O=C(CSc1ccccn1)Nc1ccccc1,-0.000200192,negative
O=C(Nc1ccc2nc[nH]c2c1)C1CCCCC1,-0.000200975,negative
O=C1CNC(=O)CNC(=O)CNC(=O)CNC(=O)CNC(=O)[C@@H]2CCCN2C(=O)CNC(=O)[C@H](Cc2ccccc2)NC(=O)CNC(=O)CNC(=O)[C@H](Cc2ccccc2)NC(=O)CSCCN1,-0.000201008,negative
O=C1c2ccccc2C(=O)N1c1ccccc1,-0.000201009,negative
c1ccc(Nc2cccnc2)cc1,-0.000201658,negative
c1cc(Oc2cc(C3CCCC3)cc(C3CCCC3)c2)nc(-c2cnnn2C2CCNCC2)c1,-0.000202447,negative
c1coc(-c2nc(-c3ccco3)c(-c3ccco3)nc2-c2ccco2)c1,-0.000202499,negative
c1ccc(C2=NNC(c3ccccc3)O2)cc1,-0.00020263,negative
c1ccc(C(c2ccccc2)N2CCNCC2)cc1,-0.00020263,negative
O=C(Nc1ccncc1)c1ccccc1,-0.000202631,negative
O=C1c2cccc3cccc(c23)C(=O)N1Cc1cccnc1,-0.000202631,negative
O=c1ccccn1Cc1ccc2c(c1)OCO2,-0.000202631,negative
O=c1ccnc(SCc2ccccc2)[nH]1,-0.000202631,negative
O=C(Nc1nn[nH]n1)c1ccccc1,-0.000202631,negative
c1cc(-c2ccnc3c2CCCC3)ccn1,-0.000202631,negative
S=c1[nH]nc(COc2ccccc2)o1,-0.000202631,negative
O=C1C=CC(c2ccccc2)N1c1ccccc1,-0.000202631,negative
O=C(CCCCCCc1ccccc1)N1CCCC1,-0.000202631,negative
O=C(NS(=O)(=O)c1ccccc1)c1ccccn1,-0.000202631,negative
c1ccc2occc2c1,-0.000202631,negative
O=C1/C(=C/c2ccccc2)Cc2ccccc21,-0.000202631,negative
O=C(NCc1nnc[nH]1)c1ccccc1,-0.000202631,negative
O=C(N[C@H]1CNC1=O)OCC/C=C\c1ccccc1,-0.000202631,negative
O=S(=O)(c1ccccc1)N1CCOCC1,-0.000202631,negative
c1ccc(NN=C2CCCCC2)cc1,-0.000202631,negative
O=c1[nH]nnc2c1cnn2-c1ccccc1,-0.000202631,negative
O=C(CN1CCNCC1)N1CCC(c2ccccc2)c2ccccc21,-0.000202631,negative
C(=C1Nc2ccccc2S1)c1ccnc(N2CCNCC2)n1,-0.000202631,negative
O=C1N=C(c2ccc(Oc3ccccc3)cc2)S/C1=C\c1cccc2ccccc12,-0.000202631,negative
O=C(COC(=O)C1CC(=O)N(c2ccccc2)C1)c1ccccc1,-0.000202631,negative
c1ccc2c(c1)NCCO2,-0.000202631,negative
O=C(Nc1ccccc1)C1COc2ccccc2O1,-0.000202631,negative
c1ccc(-c2ncc(-c3cccnc3)[nH]2)cc1,-0.000202631,negative
O=C1NC(Cc2ccccc2)(Cc2ccccc2)C(=O)N1Cc1cnoc1,-0.000202631,negative
C1=CC(c2ccccc2)n2nnnc2N1,-0.000202631,negative
c1ccc(-c2csc3ncnc(-n4cccn4)c23)cc1,-0.000202631,negative
O=C(CN1CCN(CC(=O)Nc2ccc3c(c2)OCO3)CC1)Nc1ccccc1,-0.000202631,negative
O=C(COc1ccccc1)NNC(=O)c1cnccn1,-0.000202631,negative
O=C(Nc1ccc2c(c1)OCCO2)c1ccccc1,-0.000202631,negative
O=C(CN1CCCCCC1)Nc1cccs1,-0.000202631,negative
O=C(NCc1cccnc1)c1ccc(CS(=O)(=O)Cc2ccccc2)o1,-0.000202631,negative
O=C(/C=C/c1cnc2ccccc2c1)c1ccco1,-0.000202631,negative
O=C(Nc1nnc(-c2ccccc2)s1)c1ccon1,-0.000202631,negative
c1ccc(Nc2cc3ccccc3[nH]2)cc1,-0.000202631,negative
O=C1c2ccccc2NC(c2ccccc2)N1Cc1ccccc1,-0.000202631,negative
O=C(Cn1cnc(-c2ccccc2)c1-c1ccccc1)N1CCNCC1,-0.000202631,negative
O=c1[nH]c(=O)c2[nH]c(-c3ccccc3)nc2[nH]1,-0.000202631,negative
O=C1CC(N2CCC(Nc3ccccc3)CC2)C(=O)N1,-0.000202631,negative
O=C(CSc1ncccn1)c1ccccc1,-0.000202631,negative
O=S(=O)(c1cccc2c1NCC2)N1CCNCC1,-0.000202631,negative
O=C(NC1c2ccccc2Oc2ccccc21)c1ccccc1,-0.000202631,negative
O=C(CN1C(=O)COc2ccccc21)NCCN1CCC(Cc2ccccc2)CC1,-0.000202631,negative
O=C(/C=C/c1ccccc1)NC(=S)NNC(=O)c1cc[nH]n1,-0.000202631,negative
c1ccc(CN2CCc3ccccc32)cc1,-0.000202631,negative
O=S(=O)(c1ccccc1)N1CCCCC1,-0.000202631,negative
O=C(CCCN1C(=O)c2ccccc2C1=O)NCCCN1CCOCC1,-0.000202631,negative
O=C(CSc1nnc[nH]1)N1CCCCC1,-0.000202631,negative
O=C(c1ccco1)N1N=C(c2cccs2)CC1c1ccccc1,-0.000202631,negative
O=C(NCc1ccccc1)C1CCN(S(=O)(=O)c2ccccc2)CC1,-0.000202631,negative
c1ccc(Cn2c(NCc3ccc4[nH]ccc4c3)nc3ccccc32)cc1,-0.000202631,negative
O=C(NCC1CCCO1)C1c2ccccc2C(=O)N1Cc1ccccc1,-0.000202631,negative
c1ccc(Nc2ccncn2)cc1,-0.000202631,negative
O=C(CSc1nnc(CNc2ccccc2)[nH]1)Nc1ccon1,-0.000202631,negative
O=C(Cc1ccccc1)Nc1ccc(Oc2cncnc2)cc1,-0.000202631,negative
O=C(COc1ccccc1)Nc1cc2c(s1)CNCC2,-0.000202631,negative
O=S(=O)(NCC(c1cccnc1)N1CCN(c2ccccc2)CC1)c1cccs1,-0.000202631,negative
O=C(CSc1nnc(-c2cccc(S(=O)(=O)N3CCCCC3)c2)o1)NCC12CC3CC(CC(C3)C1)C2,-0.000202631,negative
O=C1S/C(=C\c2ccc(Oc3ccccc3)cc2)C(=O)N1c1cccc(OCCCCCN2CCNCC2)c1,-0.000202631,negative
O=C(CSc1nnc(-c2ccoc2)n1-c1ccccc1)NC1CCCC1,-0.000202631,negative
O=C(NCCCN1C(=O)CSC12C(=O)N(C(=O)C1CCCCC1)c1ccccc12)c1ccccc1,-0.000202631,negative
c1ccc(-c2ncn(CCN3CCOCC3)c2-c2ccncc2)cc1,-0.000202631,negative
O=C(Nc1cccc(CN2CCN(C(=O)C3CCCC3)CC2)c1)c1nc2ccccc2s1,-0.000202631,negative
O=C(Cc1csc(Nc2ccccc2)n1)N/N=C/c1ccccc1,-0.000202631,negative
O=C(NCC1CCCO1)C(c1c[nH]c2ccccc12)N(C(=O)c1ccns1)c1ccccc1,-0.000202631,negative
O=C1CC(=O)OCC2OC(=O)N3CCN=C(CCC[C@H](O[C@H]4C[C@@H](NCc5ccccc5-c5c[nH]nn5)CCO4)C1)C[C@H]23,-0.000202631,negative
O=C1C[C@H](O[C@H]2CCCCO2)C[C@H](O[C@@H]2CCCCO2)CCCCN(Cc2ccc(-c3c[nH]nn3)cc2)CCCCO1,-0.000202631,negative
O=c1c2cnoc2c(Cc2ccccc2)nn1Cc1nncs1,-0.000202636,negative
O=S(=O)(Nc1ccccc1)c1cccc(-c2cnoc2)c1,-0.000203854,negative
O=C(NS(=O)(=O)c1ccccc1)c1cccnc1,-0.000205077,negative
N=c1ccn(Cc2ccccc2)c2ccccc12,-0.000205077,negative
N=c1c2c[nH]nc2ncn1-c1ccccc1,-0.000205077,negative
C1=C2C(CCC3CCCC[C@@H]23)C2CCCC[C@H]2C1,-0.000207512,negative
O=C(CN1CCC(n2nnc3ccccc32)CC1)NC1CC1,-0.000207517,negative
O=S1(=O)C=C(SCc2ccccc2)Nc2ccccc21,-0.000207517,negative
c1ccc(Nc2ccnc(Nc3cnc(-c4ccsc4)cn3)n2)cc1,-0.000207517,negative
O=C(CSc1nncn1Cc1ccco1)Nc1ccccc1,-0.000207517,negative
O=C(N[C@H]1CNC1=O)OCCCCC1CCCCC1,-0.000207519,negative
O=C1CCC2(CCCCC2)O1,-0.000212275,negative
O=C1/C(=C/c2ccc(N3CCCC3)cc2)CCC/C1=C\c1ccc(N2CCCC2)cc1,-0.000212305,negative
C1=NC2(OCCO2)C2CC12,-0.000212387,negative
O=C1NC(=S)SC1=Cc1ccccc1,-0.000212398,negative
O=C1C=CC(=O)C=C1,-0.000212401,negative
O=C1CCC(=O)N1c1nc2nc(-c3ccccc3)cc(=O)n2[nH]1,-0.000212402,negative
O=S(=O)(c1ccccc1)n1ccnc1,-0.000212402,negative
c1ccc(-c2ccnn2-c2ccccc2)cc1,-0.000212402,negative
O=S(=O)(c1cccc(-c2cnoc2)c1)N1CCNCC1,-0.000212402,negative
c1ccc(-c2ccnc(N3CCCCCC3)n2)cc1,-0.000212402,negative
O=C(Cc1ccc(-c2ccccc2)cc1)NCc1ccccc1,-0.000212402,negative
O=C(CCc1ccc(Oc2ccccc2)cc1)N1CCCC1,-0.000212402,negative
c1ccc2c(c1)[nH]c1c(N3CCN(Cc4ccc5c(c4)OCO5)CC3)ncnc12,-0.000212402,negative
c1ccc(-c2ccccc2-c2ccccc2)cc1,-0.000212402,negative
c1ccc(-c2nccnc2-c2ccccc2)cc1,-0.000212402,negative
O=C(COc1ccccc1)Cn1cccn1,-0.000212402,negative
c1ccc(OCCCc2cn[nH]c2)cc1,-0.000212402,negative
O=C1c2ccccc2C(=O)N1CCCCCC(=O)N1CCc2ccccc21,-0.000212402,negative
C1=NC[C@@H](CC2CCCCC2)N1CCc1ccccc1,-0.000212402,negative
O=S(=O)(c1cccc(-c2cscn2)c1)N1CCCCC1,-0.000212402,negative
O=c1c2c3c(sc2ncn1C1CCCCC1)CNCC3,-0.000212402,negative
O=C1CCCCC1C1CC(=O)N(c2ccccc2)C1=O,-0.000212402,negative
O=C(CCN1CCCCC1)Nc1ccccc1,-0.000212402,negative
O=C(N[C@H]1CNC1=O)OCc1ccc(C2CCCCC2)cc1,-0.000212402,negative
c1coc(Cn2cccn2)c1,-0.000212402,negative
O=C1NC(=O)C(CCc2ccncc2)(CCc2ccncc2)C(=O)N1c1ccccc1,-0.000212402,negative
O=C(CNS(=O)(=O)c1cccs1)N1CCc2ccccc21,-0.000212402,negative
O=C(N[C@H]1CNC1=O)OCCCCc1ccccn1,-0.000212402,negative
O=c1ccccn1Cc1ccccc1,-0.000212402,negative
C(=C/c1ccccc1)\CSc1nnc(-c2ccncc2)n1Cc1ccco1,-0.000212402,negative
O=C(c1ccco1)N1CCN(C(=O)C2CC(c3ccccc3)=NO2)CC1,-0.000212402,negative
O=C(CSc1ccccc1)c1cnc2ccccn12,-0.000212402,negative
O=C(c1cc(-c2cccnc2)nc2ccccc12)N1CCN(c2ncccn2)CC1,-0.000212402,negative
O=C(NCCc1ccccc1)C1CCCN1S(=O)(=O)c1ccc2ccccc2c1,-0.000212402,negative
O=C(C(Sc1ccccc1)c1ccccc1)N1CCN(c2ccccc2)CC1,-0.000212402,negative
S=C(NCCC(c1ccccc1)c1ccccc1)Nc1ccccc1,-0.000212402,negative
O=C(COC(=O)c1ccccc1)NC1CCCCC1,-0.000212402,negative
O=C(Oc1cccc2cccnc12)c1ccccc1,-0.000212402,negative
O=C1CSc2ccc(C(=O)NCc3ccco3)cc2N1,-0.000212402,negative
c1ccc(COc2ccc(-c3oncc3-c3ccccc3)cc2)cc1,-0.000212402,negative
O=C(CN1CCc2ccccc2C1)Nc1c[nH]c2ccccc12,-0.000212402,negative
S=c1[nH]nc(-c2cc(-c3ccccc3)n[nH]2)n1-c1ccccc1,-0.000212402,negative
O=C(NNC(=S)NC(=O)c1ccccc1)c1ccccc1,-0.000212402,negative
O=C(CN1CCCCC1)Nc1cc2c(s1)CCC2,-0.000212402,negative
O=C(Nc1nncs1)c1cccc(S(=O)(=O)N2CCCCC2)c1,-0.000212402,negative
O=C(c1ccccc1)N1c2ccccc2Sc2ccccc21,-0.000212402,negative
O=C(NCCNc1ccccc1)c1ccccc1,-0.000212402,negative
O=C(Nc1cccc(Nc2ccc3c(c2)CCCCC3=O)c1)c1ccccc1,-0.000212402,negative
c1ccc(NCC2CCNCC2)cc1,-0.000212402,negative
c1cc(Oc2cccc(-c3cnnn3C3CCNCC3)n2)cc(C2CCCCC2)c1,-0.000212402,negative
O=S(=O)(NC1CCCC1)c1cc(-c2cnoc2)ccc1OCCN1CCNCC1,-0.000212402,negative
O=C(NCC1CCCO1)C1CCN(S(=O)(=O)c2ccccc2)CC1,-0.000212402,negative
O=C(Cc1ccc(Oc2nc3ccccc3s2)cc1)NCCc1ccccc1,-0.000212402,negative
O=C1Nc2ccccc2/C1=c1\sc2n(c1=O)C(c1ccccc1)C=CN=2,-0.000212402,negative
O=C(C1=CC(=O)N(c2nccs2)C1c1ccccc1)c1ccco1,-0.000212402,negative
O=C1CCCCOC(=O)C[C@H](O[C@@H]2CCCCO2)C[C@H](O[C@H]2C[C@@H](NCc3ccc(-c4c[nH]nn4)cc3)CCO2)CCC1,-0.000212402,negative
O=C1CNC(=O)CNC(=O)CNC(=O)CNC(=O)CNC(=O)[C@@H]2CCCN2C(=O)CNC(=O)[C@H](Cc2ccccc2)NC(=O)CNC(=O)CNC(=O)CNC(=O)CSCCN1,-0.000212402,negative
O=C(NC1CCCC1)C(c1ccco1)N(C(=O)c1ccns1)c1ccccc1,-0.000212402,negative
O=C(CN1CCC(n2nnc3ccccc32)CC1)Nc1ccccc1,-0.000212402,negative
O=C(CSc1nc2sc3c(c2c(=O)n1-c1ccccc1)CCCC3)NCc1ccco1,-0.000212402,negative
O=C1CCCC2=C1C(c1ccccc1)C(C(=O)Nc1nc3ccccc3s1)=CN2,-0.000212402,negative
O=C(CSc1nnc(-c2cccnc2)n1-c1ccccc1)N1CCN(c2ccccc2)CC1,-0.000212402,negative
O=C(Nc1nncs1)c1ccnc(S(=O)(=O)Cc2ccccc2)n1,-0.000212402,negative
O=C(Cc1ccccc1)Nc1ccc(Oc2ccccc2)cc1,-0.000212402,negative
S=C(Nc1ccccc1)Nc1ccc2c(c1)CCN2Cc1ccccc1,-0.000213623,negative
O=c1[nH]c2ccccc2cc1CN(Cc1nnn[nH]1)CC1CCCO1,-0.00073377,negative
